{
	"credit": "Made with Blockbench",
	"parent": "minecraft:block/cube",
	"texture_size": [64, 64],
	"textures": {
		"0": "manic:block/grimstone_column",
		"particle": "manic:block/grimstone_column"
	},
	"elements": [
		{
			"from": [6, 2, 6],
			"to": [10, 6, 10],
			"rotation": {"angle": 0, "axis": "y", "origin": [8, 4, 8]},
			"faces": {
				"north": {"uv": [6, 0, 8, 2], "texture": "#0"},
				"east": {"uv": [6, 0, 8, 2], "texture": "#0"},
				"south": {"uv": [6, 0, 8, 2], "texture": "#0"},
				"west": {"uv": [6, 0, 8, 2], "texture": "#0"}
			}
		},
		{
			"from": [5, 6, 5],
			"to": [11, 8, 11],
			"rotation": {"angle": 0, "axis": "y", "origin": [8, 7, 8]},
			"faces": {
				"north": {"uv": [13, 0, 16, 1], "texture": "#0"},
				"east": {"uv": [13, 0, 16, 1], "texture": "#0"},
				"south": {"uv": [13, 0, 16, 1], "texture": "#0"},
				"west": {"uv": [13, 0, 16, 1], "texture": "#0"},
				"up": {"uv": [13, 1, 16, 4], "texture": "#0"},
				"down": {"uv": [13, 4, 16, 7], "texture": "#0"}
			}
		},
		{
			"from": [5, 0, 5],
			"to": [11, 2, 11],
			"rotation": {"angle": 0, "axis": "y", "origin": [8, 1, 8]},
			"faces": {
				"north": {"uv": [13, 0, 16, 1], "texture": "#0"},
				"east": {"uv": [13, 0, 16, 1], "texture": "#0"},
				"south": {"uv": [13, 0, 16, 1], "texture": "#0"},
				"west": {"uv": [13, 0, 16, 1], "texture": "#0"},
				"up": {"uv": [13, 4, 16, 7], "texture": "#0"},
				"down": {"uv": [13, 1, 16, 4], "texture": "#0"}
			}
		}
	],
	"display": {
		"thirdperson_righthand": {
			"rotation": [75, 45, 0],
			"translation": [0, 2, 2.5],
			"scale": [0.6, 0.6, 0.6]
		},
		"firstperson_righthand": {
			"rotation": [0, 45, 0],
			"translation": [0, 3, 0],
			"scale": [0.7, 0.7, 0.7]
		},
		"firstperson_lefthand": {
			"rotation": [0, 225, 0],
			"scale": [0.4, 0.4, 0.4]
		},
		"ground": {
			"translation": [0, 3, 0],
			"scale": [0.75, 0.75, 0.75]
		},
		"gui": {
			"rotation": [30, 225, 0],
			"translation": [0, 4.5, 0],
			"scale": [1.25, 1.25, 1.25]
		},
		"head": {
			"translation": [0, 18.25, 0],
			"scale": [1.5, 1.5, 1.5]
		},
		"fixed": {
			"translation": [0, 4, 0]
		}
	}
}