{
	"credit": "Made with Blockbench",
	"textures": {
		"0": "manic:entity/siren/siren_hand",
		"particle": "manic:entity/siren/siren_hand"
	},
	"elements": [
		{
			"from": [8.5, 0, 5],
			"to": [8.5, 8, 11],
			"rotation": {"angle": 45, "axis": "y", "origin": [8.5, 4, 8]},
			"faces": {
				"north": {"uv": [0, 0, 0, 8], "texture": "#missing"},
				"east": {"uv": [8, 0, 11, 4], "texture": "#0"},
				"south": {"uv": [0, 0, 0, 8], "texture": "#missing"},
				"west": {"uv": [11, 0, 8, 4], "texture": "#0"},
				"up": {"uv": [0, 0, 0, 6], "texture": "#missing"},
				"down": {"uv": [0, 0, 0, 6], "texture": "#missing"}
			}
		},
		{
			"from": [5.5, 0, 8],
			"to": [11.5, 8, 8],
			"rotation": {"angle": 45, "axis": "y", "origin": [8.5, 4, 8]},
			"faces": {
				"north": {"uv": [8, 0, 11, 4], "texture": "#0"},
				"east": {"uv": [0, 0, 0, 8], "texture": "#missing"},
				"south": {"uv": [11, 0, 8, 4], "texture": "#0"},
				"west": {"uv": [0, 0, 0, 8], "texture": "#missing"},
				"up": {"uv": [0, 0, 0, 6], "rotation": 270, "texture": "#missing"},
				"down": {"uv": [0, 0, 0, 6], "rotation": 90, "texture": "#missing"}
			}
		},
		{
			"from": [4.6, 9.9, 10],
			"to": [6.6, 14.9, 12],
			"rotation": {"angle": 22.5, "axis": "x", "origin": [6.1, 10.9, 11]},
			"faces": {
				"north": {"uv": [0, 7.5, 1, 10], "rotation": 180, "texture": "#0"},
				"east": {"uv": [0, 7.5, 1, 10], "rotation": 180, "texture": "#0"},
				"south": {"uv": [0, 7.5, 1, 10], "rotation": 180, "texture": "#0"},
				"west": {"uv": [0, 7.5, 1, 10], "rotation": 180, "texture": "#0"},
				"up": {"uv": [0, 6.5, 1, 7.5], "rotation": 180, "texture": "#0"},
				"down": {"uv": [0, 6.5, 1, 7.5], "rotation": 180, "texture": "#0"}
			}
		},
		{
			"from": [7.6, 9.9, 10],
			"to": [9.6, 14.9, 12],
			"rotation": {"angle": 22.5, "axis": "x", "origin": [6.1, 10.9, 11]},
			"faces": {
				"north": {"uv": [0, 7.5, 1, 10], "rotation": 180, "texture": "#0"},
				"east": {"uv": [0, 7.5, 1, 10], "rotation": 180, "texture": "#0"},
				"south": {"uv": [0, 7.5, 1, 10], "rotation": 180, "texture": "#0"},
				"west": {"uv": [0, 7.5, 1, 10], "rotation": 180, "texture": "#0"},
				"up": {"uv": [0, 6.5, 1, 7.5], "rotation": 180, "texture": "#0"},
				"down": {"uv": [0, 6.5, 1, 7.5], "rotation": 180, "texture": "#0"}
			}
		},
		{
			"from": [10.6, 9.9, 10],
			"to": [12.6, 14.9, 12],
			"rotation": {"angle": 22.5, "axis": "x", "origin": [6.1, 10.9, 11]},
			"faces": {
				"north": {"uv": [0, 7.5, 1, 10], "rotation": 180, "texture": "#0"},
				"east": {"uv": [0, 7.5, 1, 10], "rotation": 180, "texture": "#0"},
				"south": {"uv": [0, 7.5, 1, 10], "rotation": 180, "texture": "#0"},
				"west": {"uv": [0, 7.5, 1, 10], "rotation": 180, "texture": "#0"},
				"up": {"uv": [0, 6.5, 1, 7.5], "rotation": 180, "texture": "#0"},
				"down": {"uv": [0, 6.5, 1, 7.5], "rotation": 180, "texture": "#0"}
			}
		},
		{
			"from": [10.6, 10.9, 6],
			"to": [12.6, 15.9, 8],
			"rotation": {"angle": -22.5, "axis": "z", "origin": [6.1, 10.9, 11]},
			"faces": {
				"north": {"uv": [0, 7.5, 1, 10], "rotation": 180, "texture": "#0"},
				"east": {"uv": [0, 7.5, 1, 10], "rotation": 180, "texture": "#0"},
				"south": {"uv": [0, 7.5, 1, 10], "rotation": 180, "texture": "#0"},
				"west": {"uv": [0, 7.5, 1, 10], "rotation": 180, "texture": "#0"},
				"up": {"uv": [0, 6.5, 1, 7.5], "rotation": 180, "texture": "#0"},
				"down": {"uv": [0, 6.5, 1, 7.5], "rotation": 180, "texture": "#0"}
			}
		},
		{
			"name": "palm",
			"from": [5, 8, 5],
			"to": [12, 12, 11],
			"rotation": {"angle": 0, "axis": "y", "origin": [0, 3, 0]},
			"faces": {
				"north": {"uv": [4, 0, 7.5, 2], "texture": "#0"},
				"east": {"uv": [0, 3.5, 3, 5.5], "texture": "#0"},
				"south": {"uv": [4, 0, 7.5, 2], "texture": "#0"},
				"west": {"uv": [0, 3.5, 3, 5.5], "texture": "#0"},
				"up": {"uv": [0, 0, 3.5, 3], "texture": "#0"},
				"down": {"uv": [4, 2.5, 7.5, 5.5], "texture": "#0"}
			}
		}
	],
	"display": {
		"head": {
			"translation": [0, -29.25, 0],
			"scale": [1.6, 1.6, 1.6]
		}
	},
	"groups": [
		{
			"name": "Arm",
			"origin": [8.5, 4, 8],
			"color": 0,
			"children": [0, 1]
		},
		{
			"name": "Hand",
			"origin": [0, 3, 0],
			"color": 0,
			"children": [2, 3, 4, 5, 6]
		}
	]
}